id;ranking;collection_name;volume;volumeChange;tokenCount;onSaleCount;floorSale;ownerCount;date;collection_id
4;1;Bored Ape Yacht Club;2356.29;0.94;10000;245;44.9;5689;28/05/23;1
5;2;Mutant Ape Yacht Club;2053.08;1.21;19473;554;9.1;11329;28/05/23;2
6;3;DeGods;482.534;1.33;8700;239;8.48;1812;28/05/23;3
7;4;Milady Maker;410.988;1.43;10000;1010;3.01;3485;28/05/23;4
8;5;Opepen Edition;395.73;0.35;16000;590;0.72;4290;28/05/23;5
9;6;Azuki;301.375;0.39;10000;516;14.29;4645;28/05/23;6
10;7;BEANZ Official;298.15;2.37;19950;1267;134.958;7496;28/05/23;7
11;8;The Captainz;180.988;1.71;9999;135;8;4523;28/05/23;8
12;9;Moonbirds;156.255;1.95;10000;270;1.948;6453;28/05/23;9
13;10;Pudgy Penguins;149.879;0.41;8888;436;5.18;4629;28/05/23;10
14;11;Nakamigos;142.387;0.25;20000;2117;0.0426;5882;28/05/23;11
15;12;God Hates NFTees;131.681;7.8;5022;206;0.17;1795;28/05/23;12
16;13;CLONE X - X TAKASHI MURAKAMI;125.257;1.78;19485;1083;3.032;9526;28/05/23;13
17;14;Doodles;119.266;4.4;10000;521;2.05;5486;28/05/23;14
18;15;0xMahjong;117.899;3.23;1500;75;0.0109;536;28/05/23;15
19;16;Redacted Remilio Babies;105.588;1.41;10000;1449;0.94;2426;28/05/23;16
20;17;Bored Ape Kennel Club;95.232;1.76;9602;278;39.612;5433;28/05/23;17
21;18;Otherdeed for Otherside;91.981;1;100000;1293;0.99994;18588;28/05/23;18
22;19;Checks - VV Originals;684.365;1.93;9991;397;0.46999;1807;28/05/23;19
23;20;HV-MTL;681.934;1.32;27238;2269;0.85;10052;28/05/23;20
24;21;The Potatoz;469.005;1.5;9999;92;2.77;2908;28/05/23;21
25;22;Checks - VV Edition;422.979;0.85;16031;332;0.68;2204;28/05/23;22
26;23;OnChainMonkey;418.989;3.27;9500;270;1.85;2986;28/05/23;23
27;24;Chromie Squiggle by Snowfro;41.18;1.75;9774;176;11.25;2855;28/05/23;24
28;25;META KONGZ OFFICIAL;39.926;1.1;9713;113;0.5112;2614;28/05/23;25
29;26;Otherside Koda;38.52;0.3;5383;346;6.85;3250;28/05/23;26
30;27;Kanpai Pandas;383.834;1.41;7723;230;1.21;2044;28/05/23;27
31;28;Bitcoin Miladys;349.254;0.96;10000;826;0.06;2203;28/05/23;28
32;29;PROOF Collective;347.929;0.5;1000;20;54.348;920;28/05/23;29
33;30;Supreme Kong;314.724;9.91;2000;45;0.48;530;28/05/23;30
34;31;0N1 Force;29.333;0.43;7777;446;1.48;3619;28/05/23;31
35;32;Meebits;28.2;0.51;20000;634;1.97;6573;28/05/23;32
36;33;Lil Pudgys;279.061;0.68;21096;1205;0.444;7399;28/05/23;33
37;34;The Memes by 6529;278.003;1.73;103;103;0.06;8127;28/05/23;34
38;35;Invisible Friends;263.016;0.24;5000;174;0.97;3817;28/05/23;35
39;36;PORSCHΞ 911;256.651;1.75;2363;133;0.9519;1413;28/05/23;36
40;37;The Ordinal War;236.249;82.32;4000;273;0.0435;1504;28/05/23;37
41;38;Sappy Seals;236.097;2.2;10000;431;0.45;2210;28/05/23;38
42;39;Otherside Vessels;229.657;1.33;41308;979;0.24875;12539;28/05/23;39
43;40;Otherdeed Expanded;227.258;0.33;41308;2023;0.5801;12971;28/05/23;40
44;41;RENGA;215.014;0.33;8781;828;0.48;3145;28/05/23;41
45;42;Maneki Gang;20;0;11358;58;20;2173;28/05/23;42
46;43;a KID called BEAST;193.191;0.85;9628;467;0.399;3727;28/05/23;43
47;44;YAYO NFT;187.117;0.45;2975;298;0.46;593;28/05/23;44
48;45;Gazers by Matt Kane;17.99;0.33;1000;24;17.99;407;28/05/23;45
49;46;Radbro Webring: Radcats;178.697;2.43;7000;1188;0.0351;1076;28/05/23;46
50;47;FEWOCiOUS x FewoWorld: Paint;170.123;4.55;4990;124;0.342;2640;28/05/23;47
51;48;Strxngers;16.466;0.96;6666;242;0.002;2182;28/05/23;48
52;49;Home Team Heroes: Baseball 2023 Color Pop Inserts;16.134;1.22;251;57;0.17;95;28/05/23;49
53;50;The Legend of CØCKPUNCH™;16.079;13.28;5555;156;0.21;2386;28/05/23;50
54;51;Chimpers;13.721;0.47;5555;99;0.659;658;28/05/23;51
55;52;mfers;135.825;0.36;10021;357;0.81;5645;28/05/23;52
56;53;Keungz Genesis;13.5;1;432;2;13.5;294;28/05/23;53
57;54;Homa Gang - Valentine;134.729;449.1;7000;296;0.01;1730;28/05/23;54
58;55;Protoglyph by Larva Labs;13.12;0;77;0;13.12;73;28/05/23;55
59;56;Legends Reborn;122.697;0.81;1768;906;0.00018;67117;28/05/23;56
60;57;My Pet Hooligan;121.988;1.76;8888;245;0.6;3897;28/05/23;57
61;58;Ape Hater Club;115.646;30.69;12222;457;0.03;2096;28/05/23;58
62;59;Saved Souls;112.832;0.46;9999;601;0.0861;2296;28/05/23;59
63;60;VeeFriends;11.24;1.2;10255;214;2.04;5123;28/05/23;60
64;61;TOPIA Worlds;11.238;0.78;10000;158;13.881;4113;28/05/23;61
65;62;10KTF Stockroom;108.918;1.27;23;23;0.0753;6748;28/05/23;62
66;63;rektguy;104.763;0.46;8814;563;0.72;3541;28/05/23;63
67;64;Undeads Potions;101.351;0.87;4098;72;0.3264;771;28/05/23;64
68;65;Webaverse Genesis Pass;100.591;0.66;19527;595;0.0399;2698;28/05/23;65
69;66;MAX PAIN AND FRENS BY XCOPY;10;0;37;3;10;31;28/05/23;66
70;67;Valhalla;97.528;0.48;9000;253;0.53;2898;28/05/23;67
71;68;HAPE PRIME;96.028;0.73;8192;197;0.38;4128;28/05/23;68
72;69;Steady Stack Legends Official Collection;94.473;0.47;7766;453;0.29;2971;28/05/23;69
73;70;Checks - VV Elements;9.35;0.46;152;32;9.35;98;28/05/23;70
74;71;Valeria Games Genesis Lands;89.664;3.76;10000;148;0.32;1764;28/05/23;71
75;72;Monster My City;80.982;0.35;11278;1063;0.3341;322;28/05/23;72
76;73;Kaiju Kingz;8.085;0.55;9999;271;0.16;3386;28/05/23;73
77;74;Adam Bomb Squad;801.045;29.46;25000;524;0.07162;8289;28/05/23;74
78;75;The Llamas;79.766;0.97;876;77;15.866;442;28/05/23;75
79;76;MONGS NFT;764.144;0.87;6969;648;0.16;1869;28/05/23;76
80;77;Kubz;74.509;0.45;8194;103;0.869;1979;28/05/23;77
81;78;Kubz Relic;735.775;2.01;40048;1000;0.0148;4101;28/05/23;78
82;79;IO: Imaginary Ones;729.488;2.08;8888;73;0.58;1334;28/05/23;79
83;80;Spider Tanks;690.514;4.61;1379;198;0.007;260;28/05/23;80
84;81;Bitcoin Punks;67.609;1.08;4421;423;0.85;1647;28/05/23;81
85;82;LO-FI PEPE;664.681;0.99;6969;906;0.06;1497;28/05/23;82
86;83;Meridian by Matt DesLauriers;6.6;1.01;1000;34;6.6;639;28/05/23;83
87;84;Celestia-packaged NFT;6.486;0;955;0;0.141;30;28/05/23;84
88;85;OCM Karma;64.498;1.82;12287;207;0.25;2786;28/05/23;85
89;86;Strands of Solitude by William Mapan;6.24;0;400;28;2.55;264;28/05/23;86
90;87;ENS: Ethereum Name Service;620.053;0.26;3020580;88698;0.0001;696833;28/05/23;87
91;88;Undeads Zombies;595.254;0.36;2355;141;0.22;1152;28/05/23;88
92;89;CNP / CryptoNinja Partners;5.825;0.85;26666;162;0.69;5499;28/05/23;89
93;90;Undeads Mystery Boxes;577.957;1.03;6666;88;0.35598;943;28/05/23;90
94;91;Kanpai Pandas Infinity Collection;5.69;0;247;9;5.69;149;28/05/23;91
95;92;Unsupervised — Data Universe — MoMA by Refik Anadol;56.582;24.6;4215;81;0.15;1589;28/05/23;92
96;93;RSTLSS x Claire Silver: Pixelgeist;564.531;0.5;2136;386;0.09;1069;28/05/23;93
97;94;Steady Stack Titans Official;5.59;1.96;2125;25;2.7;331;28/05/23;94
98;95;Genuine Undead;55.805;0.32;9999;734;0.12;2975;28/05/23;95
99;96;Metroverse Genesis;55.728;2.5;10000;482;0.014;2450;28/05/23;96
100;97;SchizoPosters;55.514;0.56;5555;488;0.2917;1498;28/05/23;97
101;98;Wumbo Pass;5.381;1.04;335;22;1.642;316;28/05/23;98
102;99;Notable Pepes;535.581;11.07;74;73;0.0029;10187;28/05/23;99
103;100;ASM Brains;53.215;0.63;9197;104;0.17;2946;28/05/23;100
104;1;Bored Ape Yacht Club;2754.59;1.32;10000;251;44.9;5678;29/05/23;1
105;2;Mutant Ape Yacht Club;1813.83;0.54;19474;538;9.1;11310;29/05/23;2
106;3;Nakamigos;1299.97;4.9;20000;2253;0;5952;29/05/23;11
107;4;DeGods;471.161;1.09;8703;248;8.48;1815;29/05/23;3
108;5;Pudgy Penguins;452.989;2.83;8888;446;5;4627;29/05/23;10
109;6;Milady Maker;325.365;0.79;10000;992;3.2;3476;29/05/23;4
110;7;Azuki;275.912;0.49;10000;520;141.384;4647;29/05/23;6
111;8;BEANZ Official;271.826;1.7;19950;1346;13.321;7480;29/05/23;7
112;9;The Captainz;266.715;2.03;9999;116;8.1;4525;29/05/23;8
113;10;Bored Ape Kennel Club;225.606;5.04;9602;280;39.612;5430;29/05/23;17
114;11;Bonkler;224.646;44.93;45;6;13.2;29;29/05/23;101
115;12;Doodles;223.591;3.41;10000;518;19.851;5490;29/05/23;14
116;13;Opepen Edition;209.823;0.42;16000;540;0.5;4278;29/05/23;5
117;14;CLONE X - X TAKASHI MURAKAMI;167.342;1.74;19485;1089;2.93;9528;29/05/23;13
118;15;Redacted Remilio Babies;119.676;1.05;10000;1405;10.157;2420;29/05/23;16
119;16;Moonbirds;111.966;0.65;10000;342;1.95;6444;29/05/23;9
120;17;Wrapped Cryptopunks;99.99;1;2447;41;49.99;124;29/05/23;102
121;18;Otherdeed for Otherside;964.454;1.11;100000;1349;1.013;18573;29/05/23;18
122;19;CryptoPunks;80;0.19;10000;1059;80;3791;29/05/23;103
123;20;The Memes by 6529;459.569;1.55;104;104;0.0561;8232;29/05/23;34
124;21;0xMahjong;451.112;0.39;1500;67;0.0378;523;29/05/23;15
125;22;0N1 Force;44.411;1.31;7777;450;1.42;3619;29/05/23;31
126;23;Otherside Koda;439.035;1.16;5385;342;6.16;3252;29/05/23;26
127;24;HV-MTL;425.936;0.58;27239;2279;0.85;10048;29/05/23;20
128;25;META KONGZ OFFICIAL;409.684;1.49;9713;103;0.5112;2594;29/05/23;25
129;26;Lil Pudgys;398.169;1.36;21098;1240;0.4086;7402;29/05/23;33
130;27;The Potatoz;387.205;1.13;9999;100;2.8;2913;29/05/23;21
131;28;TradFiLines (Each of these hold a claim to a sub4k ordinal inscription!);37.64;0;500;47;1.5;144;29/05/23;104
132;29;Meebits;372.475;0.81;20000;642;1.8;6570;29/05/23;32
133;30;Bitcoin Miladys;361.939;1.1;10000;813;0.059;2221;29/05/23;28
134;31;OnChainMonkey;32.829;0.84;9500;285;15.471;2986;29/05/23;23
135;32;YAYO NFT;322.799;1.55;2998;306;0.45;605;29/05/23;44
136;33;God Hates NFTees;287.743;0.21;5022;211;0.21;1830;29/05/23;12
137;34;Nouns;27.9;1.05;727;18;27.9;392;29/05/23;105
138;35;Checks - VV Edition;26.84;0.67;16031;333;0.65;2200;29/05/23;22
139;36;Otherdeed Expanded;266.834;1.09;41328;1998;0.59;12972;29/05/23;40
140;37;Checks - VV Originals;265.902;0.38;9995;416;0.4584;1806;29/05/23;19
141;38;Kanpai Pandas;25.035;0.51;7723;242;1.11;2048;29/05/23;27
142;39;Interactive Certificates Of Authenticity;219.789;0;4;0;219.789;4;29/05/23;106
143;40;PORSCHΞ 911;215.389;1.02;2363;170;0.9991;1414;29/05/23;36
144;41;Saved Souls;205.648;1.4;9999;662;0.0756;2328;29/05/23;59
145;42;Maneki Gang;20;0;11358;59;20;2173;29/05/23;42
146;43;Invisible Friends;19.923;0.52;5000;175;0.97;3818;29/05/23;35
147;44;Sappy Seals;198.246;1.05;10000;429;0.45;2212;29/05/23;38
148;45;Steady Stack Legends Official Collection;186.192;1.4;7766;447;0.28;2969;29/05/23;69
149;46;Otherside Vessels;171.945;0.85;41328;977;0.25323;12543;29/05/23;39
150;47;a KID called BEAST;165.564;0.83;9628;483;0.4698;3722;29/05/23;43
151;48;Strxngers;161.644;0.98;6666;239;0.0022;2183;29/05/23;48
152;49;Pixelady Maker;160.574;3.12;10000;1376;0.14;1772;29/05/23;107
153;50;Chromie Squiggle by Snowfro;16;0.33;9774;180;16;2852;29/05/23;24
154;51;mfers;159.506;0.55;10021;358;0.7772;5648;29/05/23;52
155;52;RENGA;157.472;0.64;8781;834;0.47;3152;29/05/23;41
156;53;Radbro Webring: Radcats;144.268;0.99;7000;1151;0.05;1073;29/05/23;46
157;54;Kubz;141.819;0.73;8206;96;0.865;1978;29/05/23;77
158;55;MONGS NFT;138.478;1.6;6969;626;0.16;1858;29/05/23;76
159;56;Mocaverse;138.314;5.23;8888;135;0.6301;2292;29/05/23;108
160;57;Supreme Kong;133.783;0.64;2000;51;0.5601;525;29/05/23;30
161;58;Protoglyph by Larva Labs;13.12;0;77;1;13.12;73;29/05/23;55
162;59;SchizoPosters;121.677;2.13;5555;483;0.2917;1492;29/05/23;97
163;60;The Ordinal War;117.795;0.71;4000;317;0.08;1514;29/05/23;37
164;61;Strands of Solitude by William Mapan;117.599;3.19;400;27;2.55;264;29/05/23;86
165;62;Radbro Webring;11.334;3.31;5000;535;0.2;1144;29/05/23;109
166;63;10KTF Stockroom;11.228;1.51;23;23;0.08;6747;29/05/23;62
167;64;The Llamas;107.256;1.7;889;79;15.866;446;29/05/23;75
168;65;Bitcoin Punks;107.211;1.75;4428;427;0.75;1643;29/05/23;81
169;66;Damien Hirst - The Currency;10.21;4.22;2862;60;2.03;1544;29/05/23;110
170;67;MAX PAIN AND FRENS BY XCOPY;10;0;37;3;10;31;29/05/23;66
171;68;Undeads Potions;982.883;0.71;4098;70;0.21;771;29/05/23;64
172;69;FEWOCiOUS x FewoWorld: Paint;93.584;0.52;4991;140;0.342;2637;29/05/23;47
173;70;Adam Bomb Squad;915.191;59.23;25000;444;0.08289;8288;29/05/23;74
174;71;Foundation (FND);9.03;0;133110;4347;0.03;18548;29/05/23;111
175;72;LO-FI PEPE;888.681;2.25;6969;938;0.0511;1500;29/05/23;82
176;73;FLUF World;87.547;3.45;10000;293;1;3402;29/05/23;112
177;74;CrypToadz by GREMPLIN;861.652;6.73;7025;402;0.6;3990;29/05/23;113
178;75;Bored Milady Maker;855.261;1.99;6911;982;0.0871;1519;29/05/23;114
179;76;KILLATRAITS;825.823;1.39;320;279;0.02;1115;29/05/23;115
180;77;Terraforms by Mathcastles;797.954;1.93;9910;366;1.29;1925;29/05/23;116
181;78;ENS: Ethereum Name Service;786.128;0.34;3021123;91685;0.00002;696868;29/05/23;87
182;79;ASM Brains;783.102;1.3;9197;81;0.17;2939;29/05/23;100
183;80;XENFT by XEN CRYPTO;77.943;2.15;35170;438;0.01;8733;29/05/23;117
184;81;RTFKT x RIMOWA Meta-Artisan Collection ?;733.939;1.84;5;5;0.0711;1981;29/05/23;118
185;82;Consortium Key;72.998;2.29;2000;30;3.5;540;29/05/23;119
186;83;Anticyclone by William Mapan;722.619;0;800;44;722.619;413;29/05/23;120
187;84;CyberKongz (Babies);7.155;0;4000;124;1.32;1921;29/05/23;121
188;85;The Plague NFT;70.967;1.04;11000;161;0.332;3582;29/05/23;122
189;86;HAPE PRIME;70.614;0.66;8192;201;0.4251;4124;29/05/23;68
190;88;Chimpers Genesis;7;0;98;1;7;5;29/05/23;123
191;87;Checks - VV Elements;7;0.43;152;32;7;99;29/05/23;70
192;89;Emblem Vault Legacy;69.121;4.53;41902;2330;0.03;12074;29/05/23;124
193;90;SpectrumPepes;687.387;1.79;5500;303;0.009;725;29/05/23;125
194;91;OCM Karma;680.855;1.33;12289;218;0.224;2789;29/05/23;85
195;92;Seizon;66.556;1.45;7573;405;0.07;2016;29/05/23;126
196;93;Undeads Mystery Boxes;660.387;0.87;6666;81;0.36256;940;29/05/23;90
197;94;Meridian by Matt DesLauriers;6.6;1.01;1000;34;6.6;640;29/05/23;83
198;95;Genuine Undead;65.726;1.03;9999;766;0.12;2979;29/05/23;95
199;96;Celestia-packaged NFT;6.486;0;955;0;0.141;30;29/05/23;84
200;97;CNP / CryptoNinja Partners;6.47;0.81;26666;158;0.67;5501;29/05/23;89
201;98;Moonbirds Oddities;63.916;1.61;10000;683;0.2087;5507;29/05/23;127
202;99;Narratives;6.37;4.42;175;9;1.46;117;29/05/23;128
203;100;Human Unreadable by null;6.14;1.43;400;66;1.45;193;29/05/23;129
204;1;Bored Ape Yacht Club;1904.74;0.64;10000;255;45.05;5674;30/05/23;1
205;2;Mutant Ape Yacht Club;1083.05;0.6;19474;552;92.818;11310;30/05/23;2
206;3;Opepen Edition;982.063;4.08;16000;630;0.63;4193;30/05/23;5
207;4;Nakamigos;945.71;0.6;20000;2889;0;6015;30/05/23;11
208;5;Azuki;774.26;1.62;10000;515;14.22;4644;30/05/23;6
209;6;DeGods;495.706;1.52;8706;243;8.15;1823;30/05/23;3
210;7;The Captainz;472.648;1.43;9999;117;83.294;4527;30/05/23;8
211;8;Pudgy Penguins;338.309;0.67;8888;450;477.245;4613;30/05/23;10
212;9;Milady Maker;239.712;0.74;10000;1025;3.507;3475;30/05/23;4
213;10;BEANZ Official;204.977;1.44;19950;1359;1.35;7474;30/05/23;7
214;11;CLONE X - X TAKASHI MURAKAMI;192.408;1.07;19485;1063;2.81;9530;30/05/23;13
215;12;Moonbirds;190.87;1.52;10000;330;19.901;6439;30/05/23;9
216;13;Redacted Remilio Babies;185.163;1.08;10000;1375;11.245;2428;30/05/23;16
217;14;Bitcoin Miladys;179.032;4.18;10000;698;0.09;1847;30/05/23;28
218;15;Otherside Koda;132.349;3.57;5389;354;6.15;3255;30/05/23;26
219;16;0N1 Force;120.565;2.52;7777;431;1.57;3599;30/05/23;31
220;17;Checks - VV Originals;111.45;3.54;10008;384;0.45;1805;30/05/23;19
221;18;Bored Ape Kennel Club;101.17;0.47;9602;273;3.95;5419;30/05/23;17
222;19;Otherdeed for Otherside;983.249;0.81;100000;1360;0.995;18541;30/05/23;18
223;20;Otherdeed Expanded;866.674;3.65;41373;1992;0.2;12956;30/05/23;40
224;21;Doodles;821.812;0.3;10000;548;19.702;5493;30/05/23;14
225;22;The Potatoz;813.178;1.54;9999;105;2.811;2914;30/05/23;21
226;23;HV-MTL;76.389;1.9;27249;2368;0.2;10048;30/05/23;20
227;24;Lil Pudgys;65.367;1.58;21100;1281;0;7407;30/05/23;33
228;25;Radbro Webring;648.025;3.63;5000;642;0.2228;1138;30/05/23;109
229;26;CryptoPunks;60;0.41;10000;1062;60;3790;30/05/23;103
230;27;mfers;585.051;3.18;10021;386;0.7821;5643;30/05/23;52
231;28;Fidenza by Tyler Hobbs;58;0;999;36;58;472;30/05/23;130
232;29;Checks - VV Edition;526.345;1.64;16031;352;0.64;2180;30/05/23;22
233;30;Wrapped Cryptopunks;49.6;0.5;2448;40;49.6;125;30/05/23;102
234;31;Otherside Vessels;441.516;2.79;41373;1118;0.1;12531;30/05/23;39
235;32;Keungz Genesis;309.835;0;432;1;13.5;293;30/05/23;53
236;33;YAYO NFT;300.169;0.86;3179;323;0.4101;621;30/05/23;44
237;34;a KID called BEAST;297.233;1.99;9631;496;0.065;3723;30/05/23;43
238;35;Valhalla;255.947;4.19;9000;264;0.53;2877;30/05/23;67
239;36;OnChainMonkey;252.264;0.91;9500;279;1.68;2982;30/05/23;23
240;37;CryptoPunks V1 (wrapped);25;0;4007;213;3.22;997;30/05/23;131
241;38;Consortium Key;245.352;3.36;2000;33;2.86;539;30/05/23;119
242;39;Chromie Squiggle by Snowfro;23.1;1.44;9774;185;10.7;2852;30/05/23;24
243;40;Mutant Hounds;218.499;10.61;8174;261;0.1329;2331;30/05/23;132
244;41;PORSCHΞ 911;211.835;1.05;2363;164;0.9899;1409;30/05/23;36
245;42;ENS: Ethereum Name Service;210.996;1.32;3021568;94316;0.0001;696915;30/05/23;87
246;43;Meebits;204.703;0.31;20000;641;19.351;6570;30/05/23;32
247;44;Invisible Friends;201.544;1.76;5000;186;0.96;3818;30/05/23;35
248;45;Steady Stack Legends Official Collection;193.056;0.98;7766;456;0.2661;2953;30/05/23;69
249;46;0xMahjong;18.66;0.38;1500;87;0.3003;509;30/05/23;15
250;47;RTFKT x RIMOWA Meta-Artisan Collection ?;183.366;2.08;5;5;0.0726;1895;30/05/23;118
251;48;KILLABEARS;18.114;0.47;3333;243;1.51;1098;30/05/23;133
252;49;FEWOCiOUS x FewoWorld: Paint;17.891;1.63;4994;152;0.3421;2627;30/05/23;47
253;50;RENGA;175.919;1.02;8782;1144;0.47;3159;30/05/23;41
254;51;The Memes by 6529;172.661;0.36;104;104;0.055;8177;30/05/23;34
255;52;Mocaverse;169.338;1.22;8888;144;0.6331;2287;30/05/23;108
256;53;Sappy Seals;158.538;0.88;10000;437;0.45;2220;30/05/23;38
257;54;Kanpai Pandas;152.869;0.62;7723;245;0;2045;30/05/23;27
258;55;Strxngers;14.76;0.91;6666;241;2.38;2183;30/05/23;48
259;56;LO-FI PEPE;147.357;2.17;6969;972;0.0567;1502;30/05/23;82
260;57;You Are The Champion;14.5;0;520;10;14.5;218;30/05/23;134
261;58;TOPIA Worlds;142.228;2.01;10000;151;1.39;4106;30/05/23;61
262;59;VeeFriends;13.301;6.52;10255;255;2.001;5123;30/05/23;60
263;60;Neo Tokyo Citizens;130.001;2.36;3231;72;0.0001;1922;30/05/23;135
264;61;Radbro Webring: Radcats;122.029;0.51;7000;1141;0.06;1090;30/05/23;46
265;62;Ides Of March by Andrew Strauss X p4stoboy;11.918;0;177;45;0.29;131;30/05/23;136
266;63;META KONGZ OFFICIAL;118.119;0.37;9713;122;0.5671;2597;30/05/23;25
267;64;Alpha Gardeners Pass;11.637;2.94;888;61;0.6;606;30/05/23;137
268;65;PROOF Collective;115.874;0;1000;23;55.974;920;30/05/23;29
269;66;reepz;110.928;25.73;5000;450;0.01;1038;30/05/23;138
270;67;My Pet Hooligan;10.938;3.05;8888;252;0.62996;3893;30/05/23;57
271;68;Cool Cats NFT;109.044;1.7;9965;331;0.82;5653;30/05/23;139
272;69;Bitcoin Punks;103.683;1.18;4428;431;0.9201;1643;30/05/23;81
273;70;The Llamas;102.799;0.74;908;80;16.699;443;30/05/23;75
274;71;God Hates NFTees;10.189;0.44;5022;221;0.2;1842;30/05/23;12
275;72;Terraforms by Mathcastles;9.95;1.25;9910;363;1.3;1928;30/05/23;116
276;73;DeepBlack;9.84;0;3073;185;1.4;707;30/05/23;140
277;74;Wonky Stonks;97.596;9.29;8736;216;0.0893;3999;30/05/23;141
278;75;BEEPLE: EVERYDAYS - THE 2020 COLLECTION;9.5;0;601;11;9.5;280;30/05/23;142
279;76;Meta Monopoly;9.2;4.92;272;34;0.5;166;30/05/23;143
280;77;World of Women;8.878;2;10000;283;0.79;5570;30/05/23;144
281;78;SchizoPosters;86.842;0.78;5555;501;0.34;1490;30/05/23;97
282;79;Undeads Mystery Boxes;855.414;1.08;6666;80;0.1401;946;30/05/23;90
283;80;SuperRare;85.369;1.85;40433;1518;0.25;8402;30/05/23;145
284;81;Matr1x 2061;8.53;8.12;2061;139;1.01;774;30/05/23;146
285;82;Kubz;8.29;0.47;8217;107;0.82;1978;30/05/23;77
286;83;Valeria Games Genesis Lands;82.693;2.19;10000;145;0.29;1751;30/05/23;71
287;84;goblintown.wtf;81.604;2.91;9999;379;0.19;4774;30/05/23;147
288;85;THE SHIBOSHIS;779.829;2.33;10000;249;0.2;3565;30/05/23;148
289;86;Undeads Zombies;77.548;0.83;2355;135;0.19;1148;30/05/23;88
290;87;rektguy;749.779;1.25;8814;595;0.7331;3538;30/05/23;63
291;88;Saved Souls;730.195;0.35;9999;579;0;2335;30/05/23;59
292;89;Bulls and Apes Project - Genesis;72.304;2.46;10501;312;0.1969;1521;30/05/23;149
293;90;SpectrumPepes;702.615;0.53;5500;487;0.0179;737;30/05/23;125
294;91;The Boo Bears;7.01;0;271;24;7.01;142;30/05/23;150
295;92;Undeads Potions;680.716;0.6;4117;69;0.2;772;30/05/23;64
296;93;OCM Karma;67.242;0.71;12293;217;0.2377;2790;30/05/23;85
297;94;Wilder World;6.712;8;7387;140;0.2079;2218;30/05/23;151
298;95;Pixelady Maker;66.667;0.35;10000;1402;0.17;1772;30/05/23;107
299;96;Chubbiverse Frens;661.147;20.18;8888;701;0.05;2617;30/05/23;152
300;97;Memories of Qilin by Emily Xie;6.5;0;1024;48;6.5;533;30/05/23;153
301;98;Strands of Solitude by William Mapan;6.445;0.7;400;28;3.195;267;30/05/23;86
302;99;Anticyclone by William Mapan;6.41;0.89;800;47;6.41;413;30/05/23;120
303;100;Volted Dragons Sailors Club - VDSC;640.485;5.48;10000;166;0.21695;942;30/05/23;154
304;1;Bored Ape Yacht Club;2270.98;0.84;10000;263;45.11;5671;31/05/23;1
305;2;Mutant Ape Yacht Club;1313.65;1.04;19474;579;94.001;11304;31/05/23;2
306;3;Azuki;1297.65;1.33;10000;479;14.55;4634;31/05/23;6
307;4;Opepen Edition;693.29;0.91;16000;679;0.82;4175;31/05/23;5
308;5;DeGods;433.878;0.84;8708;228;8.34;1828;31/05/23;3
309;6;The Captainz;425.201;0.77;9999;130;8.6;4531;31/05/23;8
310;7;Milady Maker;320.308;1.36;10000;1031;3.44;3473;31/05/23;4
311;8;Pudgy Penguins;314.172;1;8888;453;477.245;4612;31/05/23;10
312;9;Nakamigos;293.351;0.23;20000;2904;0.05289;6029;31/05/23;11
313;10;BEANZ Official;252.556;1.67;19950;1341;1.37;7474;31/05/23;7
314;11;Bored Ape Kennel Club;220.892;1.07;9602;283;3.9;5414;31/05/23;17
315;12;Pixel Penguin by hopeexist;215.399;109.92;10000;1989;0;1694;31/05/23;155
316;13;Redacted Remilio Babies;212.111;0.91;10000;1412;1.01;2431;31/05/23;16
317;14;0N1 Force;164.614;3.63;7777;451;15.861;3593;31/05/23;31
318;15;CLONE X - X TAKASHI MURAKAMI;104.742;0.47;19485;1058;2.77;9533;31/05/23;13
319;16;Wrapped Cryptopunks;100.29;0;2448;39;49.6;125;31/05/23;102
320;17;Otherdeed for Otherside;886.348;0.9;100000;1341;1;18525;31/05/23;18
321;18;Doodles;863.739;0.34;10000;544;19.721;5493;31/05/23;14
322;19;Otherside Koda;857.377;0.89;5392;352;6.15;3256;31/05/23;26
323;20;The Potatoz;801.278;1.13;9999;113;2.812;2919;31/05/23;21
324;21;HV-MTL;763.539;0.97;27252;2339;0.88;10044;31/05/23;20
325;22;World of Women;746.235;7.06;10000;281;0.78;5580;31/05/23;144
326;23;Moonbirds;710.686;0.32;10000;325;20.209;6434;31/05/23;9
327;24;Checks - VV Originals;709.638;1.03;10010;408;0.466;1809;31/05/23;19
328;25;Bitcoin Miladys;687.408;0.41;10000;768;0.09;1736;31/05/23;28
329;26;Checks - VV Edition;684.781;2.98;16031;322;0.7;2168;31/05/23;22
330;27;Otherdeed Expanded;673.729;0.99;41404;2066;0.6147;12971;31/05/23;40
331;28;The Memes by 6529;634.071;1.2;105;105;0.055;8167;31/05/23;34
332;29;RENGA;626.035;5.46;8790;836;0.4699;3160;31/05/23;41
333;30;Meebits;555.748;1.05;20000;653;1.92;6573;31/05/23;32
334;31;Lil Pudgys;485.663;1.06;21101;1294;0;7410;31/05/23;33
335;32;Chromie Squiggle by Snowfro;367.013;1.59;9774;186;10.43;2852;31/05/23;24
336;33;EzzyBrezzy;354.432;0;613;67;0.023;258;31/05/23;156
337;34;META KONGZ OFFICIAL;329.067;4.88;9713;104;0.56;2583;31/05/23;25
338;35;Kanpai Pandas;302.947;2.1;7723;249;0;2041;31/05/23;27
339;36;mfers;295.761;0.6;10021;404;0.84;5646;31/05/23;52
340;37;Neo Tokyo Citizens;288.682;288682;3231;70;37.683;1920;31/05/23;135
341;38;YAYO NFT;273.677;0.88;3183;334;0.552;623;31/05/23;44
342;39;PORSCHΞ 911;25.151;2.42;2363;172;10.248;1409;31/05/23;36
343;40;OnChainMonkey;248.554;1.35;9500;281;1.68;2981;31/05/23;23
344;41;CryptoPunks V1 (wrapped);24.685;6.88;4007;217;3.22;997;31/05/23;131
345;42;FEWOCiOUS x FewoWorld: Paint;242.004;1.52;4997;204;0.35;2620;31/05/23;47
346;43;Ides of March by Andrew Strauss X p4stoboy;232.476;0.7;300;87;0.233;206;31/05/23;136
347;44;ENS: Ethereum Name Service;227.752;0.8;3022047;96385;0.0001;696971;31/05/23;87
348;45;Consortium Key;207.907;1.6;2000;37;2.86;538;31/05/23;119
349;46;Pioneer of Fusionist;19.165;0;270;36;1.15;261;31/05/23;157
350;47;6529 Gradient;19;0;101;1;19;79;31/05/23;158
351;48;Invisible Friends;189.524;1.15;5000;180;0.9359;3814;31/05/23;35
352;49;Otherside Vessels;184.442;0.42;41404;1229;0.26;12539;31/05/23;39
353;50;OCM Karma;182.668;2.74;12299;220;0.2378;2788;31/05/23;85
354;51;KILLABEARS;181.388;0.42;3333;252;15.048;1101;31/05/23;133
355;52;10KTF Stockroom;17.044;3.44;23;23;0.0314;6746;31/05/23;62
356;53;a KID called BEAST;168.295;0.61;9631;512;0.065;3725;31/05/23;43
357;54;Steady Stack Legends Official Collection;166.726;0.7;7766;472;0.27;2947;31/05/23;69
358;55;VeeFriends Series 2;155.735;3.38;55555;1203;0.0914;21480;31/05/23;159
359;56;CyberKongz;15.5;0;1000;24;15.5;452;31/05/23;160
360;57;reepz;154.272;5.3;5000;420;0.0189;1081;31/05/23;138
361;58;You Are The Champion;14.5;0;520;10;14.5;218;31/05/23;134
362;59;rektguy;142.936;3.07;8814;579;0.72;3537;31/05/23;63
363;60;AlfaDAO Access Cards;14.03;0;502;17;3.28;432;31/05/23;161
364;61;Strxngers;13.76;0.93;6666;241;2.2;2184;31/05/23;48
365;62;Sappy Seals;135.227;0.7;10000;441;0.45;2230;31/05/23;38
366;63;Chimpers;133.936;3.1;5555;147;0.614;663;31/05/23;51
367;64;CNP / CryptoNinja Partners;128.971;2.95;26666;178;0.439;5506;31/05/23;89
368;65;The Llamas;126.999;1.88;923;81;16.699;448;31/05/23;75
369;66;0xMahjong;126.921;0.55;1500;74;0.31;497;31/05/23;15
370;67;FLUF World;126.344;1.28;10000;314;1;3406;31/05/23;112
371;68;Kubz;120.399;1.08;8230;118;0.8;1981;31/05/23;77
372;69;MONGS NFT;118.673;2.4;6969;656;0.08;1864;31/05/23;76
373;70;Terraforms by Mathcastles;116.923;2.46;9910;357;12.801;1925;31/05/23;116
374;71;Pixelady Maker;114.472;0.81;10000;1385;0.12;1777;31/05/23;107
375;72;RTFKT x RIMOWA Meta-Artisan Collection ?;104.829;0.53;5;5;0.0726;1873;31/05/23;118
376;73;Radbro Webring;104.087;0.14;5000;688;0.19;1149;31/05/23;109
377;74;NEOSTACKEY;10.274;7.07;1650;42;0.734;777;31/05/23;162
378;75;DeepBlack;10.199;1.21;3073;196;1.3;708;31/05/23;140
379;76;SMOWL;100.335;19.86;4201;188;0.09887;1283;31/05/23;163
380;77;Ordinal Kubz;9.324;2.24;10000;117;0.22;1410;31/05/23;164
381;78;DEGEN TOONZ COLLECTION;922.064;1.97;8888;492;0.1401;3885;31/05/23;165
382;79;The Ordinal War;9.141;3.88;4000;333;0.079;1540;31/05/23;37
383;80;Radbro Webring: Radcats;913.054;0.36;7000;1077;0.04;1097;31/05/23;46
384;81;TOPIA Worlds;91.284;0.65;10000;161;12.183;4108;31/05/23;61
385;82;Alpha Gardeners Pass;910.999;1.8;888;63;0.6;605;31/05/23;137
386;83;Kanpai Pandas Infinity Collection;9.1;0;247;13;9.1;147;31/05/23;91
387;84;RENGA Black Box;90.071;8.83;10000;35;1;629;31/05/23;166
388;85;Element Pass Genesis;895.979;3.19;2500;82;0.463;1202;31/05/23;167
389;86;Pixelmon - Generation 1;88.997;4.38;10904;404;0.5365;2611;31/05/23;168
390;87;My Pet Hooligan;80.531;0.73;8888;252;0.6311;3896;31/05/23;57
391;88;RSTLSS x Claire Silver: Pixelgeist;795.338;3.52;2136;330;0.096;1061;31/05/23;93
392;89;Apocalyptic Apes;762.121;4.79;8888;349;0.047;3179;31/05/23;169
393;90;Blitmap;75.937;0;1700;29;1.5;654;31/05/23;170
394;91;SchizoPosters;75.783;0.68;5555;516;0.33;1489;31/05/23;97
395;92;Wolf Game - Genesis Land;7.572;19.5;19973;711;0.09;3541;31/05/23;171
396;93;STAPLEVERSE - FEED CLAN - PHASE 1 of 3;741.959;188.32;9988;24;0.039;4323;31/05/23;172
397;94;Bulls and Apes Project - Apes;73.731;12.52;11629;139;0.14;1142;31/05/23;173
398;95;Valhalla;72.255;0.24;9000;261;0.54;2878;31/05/23;67
399;96;Gazer - Abyss World;71.893;5.99;2100;99;0.001;1454;31/05/23;174
400;97;XENFT by XEN CRYPTO;70.817;1.4;35218;437;0.0036;8741;31/05/23;117
401;98;Admit One;70.799;0;1000;58;1.7;806;31/05/23;175
402;99;JANKLERZ;705.379;2.34;2000;388;0.02332;516;31/05/23;176
403;100;Meta Monopoly;6.9;1.13;272;34;0.69;167;31/05/23;143
404;1;Bored Ape Yacht Club;4922.77;2.08;10000;263;45.17;5666;01/06/23;1
405;2;Mutant Ape Yacht Club;1723.57;1.33;19474;578;9.47;11304;01/06/23;2
406;3;Azuki;1542.41;0.97;10000;537;14.98;4636;01/06/23;6
407;4;The Captainz;1049.3;2.78;9999;116;8.71;4516;01/06/23;8
408;5;Opepen Edition;890.229;1.27;16000;693;0;4118;01/06/23;5
409;6;Milady Maker;440.79;1.38;10000;1018;0;3462;01/06/23;4
410;7;Pudgy Penguins;369.698;1.02;8888;479;4.52;4607;01/06/23;10
411;8;DeGods;355.702;0.8;8709;234;8.46;1836;01/06/23;3
412;9;Bored Ape Kennel Club;283.447;1.31;9602;280;39.033;5404;01/06/23;17
413;10;BEANZ Official;279.736;1.05;19950;1136;0;7476;01/06/23;7
414;11;0N1 Force;276.234;1.91;7777;517;1.55;3580;01/06/23;31
415;12;Nakamigos;208.499;0.72;20000;2837;0.29;6037;01/06/23;11
416;13;Spirit Dao Comic Issue #1;201.033;8.08;997;135;0.148;587;01/06/23;185
417;14;Nouns;182.67;6.96;730;19;26;393;01/06/23;105
418;15;The Grapes;175.948;2.71;3333;399;0.042;1198;01/06/23;186
419;16;CLONE X - X TAKASHI MURAKAMI;155.884;1.21;19485;1081;2.63;9532;01/06/23;13
420;17;CryptoPunks;154;0;10000;1058;39;3789;01/06/23;103
421;18;Doodles;145.604;1.65;10000;516;0;5487;01/06/23;14
422;19;Checks - VV Originals;135.808;1.95;10034;353;0;1786;01/06/23;19
423;20;FEWOCiOUS x FewoWorld: Paint;114.468;4.73;5010;285;0.45;2617;01/06/23;47
424;21;Moonbirds;105.672;1.49;10000;342;0.0442;6437;01/06/23;9
425;22;Checks - VV Edition;105.533;1.73;16031;298;0;2152;01/06/23;22
426;23;The Potatoz;102.862;1.33;9999;109;2.93;2925;01/06/23;21
427;24;Wrapped Cryptopunks;101.44;1.01;2448;40;50.5;125;01/06/23;102
428;25;Redacted Remilio Babies;963.051;0.44;10000;1425;1;2413;01/06/23;16
429;26;HV-MTL;705.239;0.93;27265;2310;0.903;10040;01/06/23;20
430;27;Otherdeed for Otherside;540.755;0.57;100000;1536;0;18501;01/06/23;18
431;28;reepz;537.166;4.97;5000;472;0.009;1128;01/06/23;138
432;29;Bored & Dangerous;532.991;40.19;14890;517;0.0779;3507;01/06/23;187
433;30;The Memes by 6529;503.342;0.75;105;105;0.055;8197;01/06/23;34
434;31;WokePixels;457.705;9.18;6969;881;0.001;2100;01/06/23;188
435;32;Otherdeed Expanded;40.13;0.62;41444;2120;0.6201;12993;01/06/23;40
436;33;Otherside Koda;389.952;0.51;5394;356;6.12;3256;01/06/23;26
437;34;Otherside Vessels;388.624;2.11;41444;1237;0.262;12543;01/06/23;39
438;35;Kanpai Pandas;37.523;1.24;7723;255;1;2047;01/06/23;27
439;36;Meebits;311.864;0.51;20000;655;1.85;6572;01/06/23;32
440;37;VeeFriends;310.439;3.61;10255;263;2.02;5121;01/06/23;60
441;38;mfers;303.541;1.1;10021;396;0.8157;5645;01/06/23;52
442;39;RENGA;287.818;0.44;8792;786;0;3146;01/06/23;41
443;40;KILLABEARS;287.485;1.2;3333;244;1.37;1106;01/06/23;133
444;41;Impostors Genesis Aliens;262.269;7.56;10420;189;0.3223;4505;01/06/23;189
445;42;Chromie Squiggle by Snowfro;24.65;0.51;9774;190;10;2850;01/06/23;24
446;43;Twelvefold;24;0;69;13;24;45;01/06/23;190
447;44;Terraforms by Mathcastles;234.906;1.51;9910;366;1.22;1928;01/06/23;116
448;45;Lil Pudgys;228.708;0.46;21102;1300;0.39;7415;01/06/23;33
449;46;Murakami.Flowers Official;228.189;7.66;10105;325;0.3802;5516;01/06/23;191
450;47;Party Icons - OGX̅;223.955;0.52;5000;88;0.087;2195;01/06/23;192
451;48;Kubz;22.389;1.83;8255;101;0.8;1970;01/06/23;77
452;49;Bitcoin Miladys;223.681;0.33;10000;750;0;1684;01/06/23;28
453;50;ENS: Ethereum Name Service;218.664;0.73;3022727;98851;0.0003;697030;01/06/23;87
454;51;Pudgy Rods;214.489;4.54;7399;292;0.27;2976;01/06/23;193
455;52;Pioneer of Fusionist;214.349;1.04;295;31;1.25;278;01/06/23;157
456;53;The Sandbox;20.573;5.65;114231;299;0.3799;15978;01/06/23;194
457;54;The Plague NFT;203.866;3.46;11000;220;0.0388;3594;01/06/23;122
458;55;OnChainMonkey;19.681;0.79;9500;257;1.67;2982;01/06/23;23
459;56;EzzyBrezzy;185.448;0.24;733;59;0.03;315;01/06/23;156
460;57;Async Art;18;0;5253;161;18;1339;01/06/23;195
461;58;Kizuna;17.715;632.81;7679;659;0.003;2021;01/06/23;196
462;59;Mutant Hounds;16.866;3.03;8191;239;0.1801;2308;01/06/23;132
463;60;SuperRare;161.967;5.06;40454;1548;0.048;8407;01/06/23;145
464;61;META KONGZ OFFICIAL;151.811;0.46;9713;126;0.8;2581;01/06/23;25
465;62;ICE CREAM;150.754;0;1888;206;0.004;338;01/06/23;197
466;63;LOSTPOETS;149.493;71.05;28170;353;0.04;5679;01/06/23;198
467;64;Pixel Vault Core Collection;14;0;144;6;14;94;01/06/23;199
468;65;Pixelmon - Generation 1;13.832;1.3;11078;391;0.5;2627;01/06/23;168
469;66;World of Women;134.029;0.17;10000;273;0.77;5577;01/06/23;144
470;67;Neo Tokyo Citizens;133.499;0.46;3235;70;41.499;1919;01/06/23;135
471;68;rektguy;129.198;0.9;8814;596;0.72;3534;01/06/23;63
472;69;PORSCHΞ 911;128.698;0.51;2363;168;10.251;1408;01/06/23;36
473;70;Creepz by OVERLORD;12.623;11.07;8495;128;1.119;2009;01/06/23;200
474;71;FEWOCiOUS x FewoWorld: Canvas;12.564;0;1372;45;0.295;588;01/06/23;201
475;72;Strxngers;12.56;0.91;6666;241;2;2183;01/06/23;48
476;73;CNP / CryptoNinja Partners;125.269;0.92;26666;168;0.58;5499;01/06/23;89
477;74;Meta Bounty Hunter Iconics;124.087;0;400;7;15.587;341;01/06/23;202
478;75;a KID called BEAST;123.268;0.73;9631;537;0.51;3734;01/06/23;43
479;76;10KTF Stockroom;117.305;0.68;23;23;0.0754;6745;01/06/23;62
480;77;PROOF Collective;11.58;2.07;1000;22;5.6;919;01/06/23;29
481;78;YAYO NFT;115.712;0.48;3193;312;0.4922;624;01/06/23;44
482;79;Sappy Seals;114.112;0.9;10000;442;0;2232;01/06/23;38
483;80;TODEM by Jason Salavon;113.685;14.28;412;76;0.033;192;01/06/23;203
484;81;RTFKT x RIMOWA Meta-Artisan Collection ?;107.864;1.19;5;5;0.074;1846;01/06/23;118
485;82;Valhalla;101.741;1.43;9000;273;0.517;2877;01/06/23;67
486;83;The Llamas;99.524;1.03;943;85;1.72;452;01/06/23;75
487;84;Saved Souls;982.905;1.76;9999;543;0.015;2343;01/06/23;59
488;85;Pixelmon Trainers - Generation 1;96.736;7.76;10020;327;0.1436;1274;01/06/23;204
489;86;Cool Cats NFT;96.246;1.43;9965;364;0.7;5652;01/06/23;139
490;87;Mocaverse;95.633;1.94;8888;147;0.619;2282;01/06/23;108
491;88;DigiDaigaku Genesis;95.399;3.29;2022;83;3;777;01/06/23;205
492;89;KILLABITS;95.288;1.87;3333;102;0.47;559;01/06/23;206
493;90;Realms (for Adventurers);943.465;16.13;8000;102;0.21;453;01/06/23;207
494;91;Gazer - Abyss World;916.295;1.32;2100;101;0.20495;1446;01/06/23;174
495;92;Alpha Gardeners Pass;869.619;0.95;888;59;0.5088;604;01/06/23;137
496;93;Champions Ascension - Prime Eternal;8.534;9.7;7622;115;0.35;1988;01/06/23;208
497;94;FLUF World: Thingies;83.007;0;9590;178;0.3007;2986;01/06/23;209
498;95;Chimpers;822.926;0.64;5555;144;0.57;660;01/06/23;51
499;96;Legends Reborn;812.863;1.35;1783;931;0.00019;67160;01/06/23;56
500;97;Friendship Bracelets by Alexis André;80.959;6.8;38574;1583;0.115;12315;01/06/23;210
501;98;Genesis Dimensional Stones;80.714;2.11;1000;41;0.8234;202;01/06/23;211
502;99;DenDekaDen Spirit Key Avatars;793.504;1.74;7777;621;0.025;1893;01/06/23;212
503;100;CryptoPunks V1 (wrapped);7.8;0.32;4007;211;3.3;998;01/06/23;131
504;1;Azuki;3714.54;1.58;10000;529;16.06;4595;02/06/23;6
505;2;Bored Ape Yacht Club;2073.54;0.49;10000;269;44;5654;02/06/23;1
506;3;Mutant Ape Yacht Club;1434.19;1.19;19475;584;8.87;11278;02/06/23;2
507;4;BEANZ Official;787.359;1.57;19950;1119;1.48;7436;02/06/23;7
508;5;Opepen Edition;455.347;0.5;16000;817;0.76;4136;02/06/23;5
509;6;CryptoPunks;427.59;7.77;10000;1053;54.9;3791;02/06/23;103
510;7;DeGods;395.52;1.5;8710;242;8.53;1845;02/06/23;3
511;8;The Captainz;332.627;0.37;9999;113;8.88;4514;02/06/23;8
512;9;XTREME PIXELS;269.718;0;24999;3797;0.0011;5867;02/06/23;213
513;10;FF6000;232.11;0.17;9000;964;0.013;2850;02/06/23;214
514;11;Doodles;226.446;2.48;10000;530;20.841;5477;02/06/23;14
515;12;Milady Maker;214.822;1.07;10000;1037;31.081;3469;02/06/23;4
516;13;Bored Ape Kennel Club;180.28;0.99;9602;275;3.8;5411;02/06/23;17
517;14;Redacted Remilio Babies;153.903;2.67;10000;1433;0.9071;2413;02/06/23;16
518;15;Pudgy Penguins;143.823;0.42;8888;493;454.519;4603;02/06/23;10
519;16;The Grapes;122.134;0.43;3333;325;0.2151;1169;02/06/23;186
520;17;Nakamigos;107.934;0.83;20000;2618;0.33;6047;02/06/23;11
521;18;Otherdeed for Otherside;105.397;0.75;100000;1560;0.9785;18474;02/06/23;18
522;19;Wrapped Cryptopunks;102.8;2.02;2449;40;50.2;124;02/06/23;102
523;20;Meebits;100.667;4.33;20000;649;19.546;6561;02/06/23;32
524;21;Otherside Koda;910.738;2.19;5400;337;62.685;3261;02/06/23;26
525;22;Moonbirds;824.999;0.75;10000;373;2;6430;02/06/23;9
526;23;Otherdeed Expanded;734.096;3.48;41504;2158;0.6048;13013;02/06/23;40
527;24;Loyal FF6000;616.773;0.58;1000;123;0.095;560;02/06/23;215
528;25;0N1 Force;580.487;0.43;7777;527;1.2;3581;02/06/23;31
529;26;The Memes by 6529;532.727;4.14;106;106;0.055;8202;02/06/23;34
530;27;The Orangez;454.045;0.5;8888;1122;0.0001;2232;02/06/23;216
531;28;CLONE X - X TAKASHI MURAKAMI;438.788;0.28;19486;1083;2.61;9535;02/06/23;13
532;29;HV-MTL;427.443;0.88;27287;2306;0.903;10028;02/06/23;20
533;30;10KTF Stockroom;412.458;0.81;23;23;0.03985;6802;02/06/23;62
534;31;META KONGZ OFFICIAL;33.794;2.65;9713;129;0.7711;2572;02/06/23;25
535;32;Otherside Vessels;337.437;1.35;41504;1252;0.25;12568;02/06/23;39
536;33;Checks - VV Edition;323.046;0.87;16031;300;0.81;2151;02/06/23;22
537;34;mfers;311.824;1;10021;407;0.828;5635;02/06/23;52
538;35;OnChainMonkey;303.314;1.63;9500;264;1.506;2981;02/06/23;23
539;36;The Potatoz;285.926;0.23;9999;108;3.01;2929;02/06/23;21
540;37;Kanpai Pandas;284.491;0.69;7724;256;0.9;2049;02/06/23;27
541;38;Kubz;284.372;0.79;8263;106;0.93;1977;02/06/23;77
542;39;RENGA;252.931;0.7;8794;795;0.56;3145;02/06/23;41
543;40;Async Art;25;625;5256;161;25;1342;02/06/23;195
544;41;reepz;234.436;0.38;5000;455;0.0552;1118;02/06/23;138
545;42;DeepBlack;233.509;5.32;3073;201;1.45;707;02/06/23;140
546;43;Lil Pudgys;228.828;1.37;21105;1305;0.3722;7429;02/06/23;33
547;44;Light Years by Dmitri Cherniak;22.5;0;100;4;22.5;77;02/06/23;217
548;45;Wojakians;22.11;0.6;2739;87;0.55;1143;02/06/23;218
549;46;Chromie Squiggle by Snowfro;206.543;0.84;9774;193;97.693;2850;02/06/23;24
550;47;Spirit Dao Comic Issue #1;198.427;0.33;997;126;0.31;566;02/06/23;185
551;48;ENS: Ethereum Name Service;178.525;0.47;3024051;100642;0.0005;697116;02/06/23;87
552;49;PROOF Collective;17.599;3.01;1000;21;5.8;920;02/06/23;29
553;50;Human Unreadable by Operator;17.28;11.52;400;68;1.05;199;02/06/23;219
554;51;Impatient Tiger Social Club;170.577;1.04;916;78;0.18;629;02/06/23;220
555;52;KILLABEARS;156.759;1.05;3333;238;13.643;1107;02/06/23;133
556;53;Sproto Gremlins;152.679;0.32;3333;375;0.02;620;02/06/23;221
557;54;Checks - VV Originals;144.315;0.2;10053;415;0.6;1795;02/06/23;19
558;55;Cool Cats NFT;143.457;1.57;9965;380;0.7585;5652;02/06/23;139
559;56;You Are The Champion;14;0;520;10;14;219;02/06/23;134
560;57;YAYO NFT;139.939;0.66;3265;319;0.42;637;02/06/23;44
561;58;The Llamas;136.151;3.61;969;93;15.951;456;02/06/23;75
562;59;The Plague NFT;130.849;0.6;11000;202;0.2851;3577;02/06/23;122
563;60;Ultiverse - Electric Sheep;13.009;1.5;10000;79;0.55;2528;02/06/23;222
564;61;Invisible Friends;128.063;0.91;5000;190;0.9181;3814;02/06/23;35
565;62;Sappy Seals;12.549;1.26;10000;450;0.42;2236;02/06/23;38
566;63;Murakami.Flowers Official;117.556;0.36;10105;347;0.3919;5523;02/06/23;191
567;64;SuperRare;116.123;1.06;40471;1725;0.0111;8415;02/06/23;145
568;65;Strxngers;11.56;1.89;6666;242;1.85;2184;02/06/23;48
569;66;VOXverse;115.388;2.81;1786;930;0.00018;67182;02/06/23;223
570;67;DEGEN TOONZ COLLECTION;115.027;3.37;8888;465;0.01;3879;02/06/23;165
571;68;CNP / CryptoNinja Partners;112.819;0.53;26666;154;0.66;5502;02/06/23;89
572;69;ICE CREAM;112.336;0.6;1888;201;0.01;363;02/06/23;197
573;70;V1 Phunks;104.626;9.91;9500;355;0.0131;1772;02/06/23;224
574;71;Terraforms by Mathcastles;10.3;0.46;9910;353;1.3;1930;02/06/23;116
575;72;Bitcoin Miladys;102.374;0.67;10000;718;0.05;1615;02/06/23;28
576;73;a KID called BEAST;101.637;0.62;9631;560;0.47;3739;02/06/23;43
577;74;Nullish Ordinal Claim Pass (DST);101.569;18.01;1111;20;0.225;328;02/06/23;225
578;75;Neo Tokyo Citizens;10.13;1.1;3236;58;4.43;1893;02/06/23;135
579;76;DCDPass V2;99.001;0;104;3;40.001;100;02/06/23;226
580;77;My Pet Hooligan;9.775;3.7;8888;265;0.65;3901;02/06/23;57
581;78;TOPIA Worlds;97.559;0.67;10000;164;1.24;4107;02/06/23;61
582;79;Boss Beauties;890.769;45.8;9999;171;0.0884;5403;02/06/23;227
583;80;VeeFriends;8.8;0.26;10255;277;2.01;5126;02/06/23;60
584;81;TCG Dragon Cave Club;852.838;1.33;10000;120;0.07;2474;02/06/23;228
585;82;FEWOCiOUS x FewoWorld: Paint;85.031;1.15;5016;302;0.199;2620;02/06/23;47
586;83;Bitcoin Punks;84.976;1.26;4015;392;0.651;1510;02/06/23;81
587;84;PartyIcons OGX Official;841.089;0.32;5000;91;0.0949;2154;02/06/23;229
588;85;Saved Souls;839.554;0.84;9999;597;0.089;2343;02/06/23;59
589;86;Pixelady Maker;835.625;2.14;10000;1340;0.1068;1775;02/06/23;107
590;87;World of Women;8.341;0.87;10000;325;0.71;5582;02/06/23;144
591;88;Steady Stack Legends Official Collection;831.009;0.9;8726;460;0.2824;2958;02/06/23;69
592;89;Checks - VV Elements;81.302;0;152;29;40.402;97;02/06/23;70
593;90;Chimpers Genesis;8;0;98;1;8;6;02/06/23;123
594;91;My Keyboard;788.238;0.54;1;1;0.03;1647;02/06/23;230
595;92;0xMahjong;780.728;3.2;1500;71;0.2903;481;02/06/23;15
596;93;Acrocalypse;775.399;2.91;10419;552;0.05798;2087;02/06/23;231
597;94;Neo Tokyo Part 2 Vault Cards;7.66;0;2500;34;0.66;397;02/06/23;232
598;95;On the Edge of Oblivion by Nullish;76.362;11.4;555;42;0.473;177;02/06/23;233
599;96;NFTinit Founders;7.39;0;120;16;3.69;120;02/06/23;234
600;97;Kaiju Kingz;704.093;1.19;9999;241;0.15;3374;02/06/23;73
601;98;God Hates NFTees;70.233;1.01;5022;295;0.1877;1844;02/06/23;12
602;99;Steady Stack Titans Official;69.886;0.73;2125;33;2.22;329;02/06/23;94
603;100;rektguy;69.044;0.19;8814;558;0.6991;3534;02/06/23;63
604;1;Bored Ape Yacht Club;4791.72;2.1;10000;266;453.271;5652;03/06/23;1
605;2;Azuki;2862.59;0.95;10000;567;16.45;4591;03/06/23;6
606;3;DeGods;1067.14;3.42;8711;180;8.53;1839;03/06/23;3
607;4;XTREME PIXELS;886.564;0;24999;5194;0.0011;6489;03/06/23;213
608;5;BEANZ Official;882.465;1.28;19950;1343;1.58;7450;03/06/23;7
609;6;Mutant Ape Yacht Club;748.511;0.53;19475;583;8.87;11277;03/06/23;2
610;7;Opepen Edition;392.722;0.82;16000;724;0.76;4088;03/06/23;5
611;8;Otherside Koda;317.84;4.14;5426;355;6.3;3260;03/06/23;26
612;9;The Captainz;263.679;0.9;9999;116;9;4513;03/06/23;8
613;10;Sproto Gremlins;252.045;17.18;3333;482;0.025;768;03/06/23;221
614;11;Pudgy Penguins;251.382;1.9;8888;494;4.6;4607;03/06/23;10
615;12;Doodles;182.48;0.85;10000;516;24.181;5488;03/06/23;14
616;13;Bored Ape Kennel Club;171.623;0.78;9602;254;38.451;5397;03/06/23;17
617;14;Milady Maker;143.599;0.58;10000;1030;3.2;3473;03/06/23;4
618;15;Otherdeed for Otherside;139.101;1.52;100000;1609;0.99;18449;03/06/23;18
619;16;FF6000;123.342;0.08;9000;1015;0.013;2968;03/06/23;214
620;17;Wrapped Cryptopunks;105.39;1.03;2449;43;50.4;126;03/06/23;102
621;18;Nakamigos;100.541;0.92;20000;2648;0;6051;03/06/23;11
622;19;Moonbirds;903.614;1.02;10000;371;199.735;6420;03/06/23;9
623;20;HV-MTL;820.006;2.18;27290;2362;0.883;10019;03/06/23;20
624;21;CryptoPunks;75;0.18;10000;1053;75;3791;03/06/23;103
625;22;Meebits;662.625;0.74;20000;660;19.546;6565;03/06/23;32
626;23;The Grapes;653.315;0.47;3333;311;0.22;1143;03/06/23;186
627;24;Redacted Remilio Babies;619.187;0.41;10000;1446;0.96;2410;03/06/23;16
628;25;JUNGAZ;469.688;0;4444;928;0.001;1506;03/06/23;235
629;26;Otherdeed Expanded;459.384;0.84;41644;2190;0.6048;13034;03/06/23;40
630;27;The Potatoz;43.721;1.98;9999;107;2.98;2930;03/06/23;21
631;28;0N1 Force;400.614;0.53;7777;516;1.2;3581;03/06/23;31
632;29;Otherside Vessels;378.898;1.29;41644;1311;0.2541;12586;03/06/23;39
633;30;reepz;350.662;2.79;5000;507;0.0552;1116;03/06/23;138
634;31;CLONE X - X TAKASHI MURAKAMI;339.626;0.3;19486;1077;2.6;9533;03/06/23;13
635;32;On the Edge of Oblivion by Nullish;322.357;111.16;555;35;0.473;167;03/06/23;233
636;33;YAYO NFT;317.345;1.52;3269;318;0.37;646;03/06/23;44
637;34;OnChainMonkey;305.764;1.26;9500;260;1.585;2978;03/06/23;23
638;35;PROOF Collective;300.992;2.58;1000;19;5.899;918;03/06/23;29
639;36;KILLABEARS;288.203;1.41;3333;234;1.2;1109;03/06/23;133
640;37;Checks - VV Originals;284.089;1.98;10057;422;0.57;1789;03/06/23;19
641;38;Nullish Ordinal Claim Pass (DST);28.405;8.5;1111;21;0.41;311;03/06/23;225
642;39;RENGA;275.558;1.09;8794;785;0.55;3143;03/06/23;41
643;40;Lil Pudgys;265.563;1.2;21107;1295;0.373;7438;03/06/23;33
644;41;10KTF Stockroom;252.077;0.52;23;23;0.08995;6803;03/06/23;62
645;42;Loyal FF6000;225.999;0.14;1000;137;0.0801;559;03/06/23;215
646;43;META KONGZ OFFICIAL;213.775;1.1;9713;124;0.7711;2570;03/06/23;25
647;44;Chromie Squiggle by Snowfro;21.35;1.03;9774;191;10.35;2847;03/06/23;24
648;45;Async Art;210.397;0.84;5256;159;0.0198;1342;03/06/23;195
649;46;Kanpai Pandas;20.388;0.91;7724;236;0.91;2048;03/06/23;27
650;47;SIGHTSEERS - PERIMETER TOWN;188.391;0;250;82;0.14;152;03/06/23;236
651;48;The Plague NFT;185.804;2.64;11000;184;0.335;3569;03/06/23;122
652;49;mfers;183.322;0.42;10021;400;0.8367;5635;03/06/23;52
653;50;Tweet for CryptoNinja first owners;16.8;0;7;0;16.8;7;03/06/23;237
654;51;CryptoPunks V1 (wrapped);16.75;4.19;4007;202;3.75;998;03/06/23;131
655;52;PartyIcons OGX Official;161.474;1.75;5000;100;0.01164;2085;03/06/23;229
656;53;The Memes by 6529;154.245;0.29;106;106;0.07;8183;03/06/23;34
657;54;FLUF World;150.294;2.5;10000;316;10.204;3390;03/06/23;112
658;55;The Bond Bears;15;0;126;7;15;93;03/06/23;238
659;56;Keungz Genesis;14.99;0;432;1;14.99;294;03/06/23;53
660;57;Distortion by Nullish;144.393;4.74;1111;62;0.246;609;03/06/23;239
661;58;LaserCat NFT;13.91;0;520;10;4.59;65;03/06/23;240
662;59;ASM Brains;133.127;7.06;9198;143;0.15;2946;03/06/23;100
663;60;QQL;12.69;0;250;18;12.69;133;03/06/23;241
664;61;Noble Gallery;126.037;4.1;64;60;0.0179;1998;03/06/23;242
665;62;Isekai Meta;123.644;43.01;7777;276;0.0348;2532;03/06/23;243
666;63;Pixelady Maker;122.194;3.16;10000;1320;0.1068;1775;03/06/23;107
667;64;Strxngers;115.643;5256.5;6666;183;0.0043;2185;03/06/23;48
668;65;V1 Phunks;114.319;16.65;9500;414;0.0001;1780;03/06/23;224
669;66;DEGEN TOONZ COLLECTION;108.704;3.87;8888;463;0.01;3880;03/06/23;165
670;67;Legends Reborn;10.512;1.08;1786;928;0.00018;67191;03/06/23;56
671;68;Consortium Key;102.702;0.92;2000;36;25.001;539;03/06/23;119
672;69;Saved Souls;102.622;1.26;9999;604;0.07;2355;03/06/23;59
673;70;Invisible Friends;98.874;0.83;5000;178;0.9181;3810;03/06/23;35
674;71;Cool Cats NFT;98.861;0.67;9965;380;0.79;5651;03/06/23;139
675;72;RTFKT x RIMOWA Meta-Artisan Collection ?;970.385;1.49;5;5;0.0632;1789;03/06/23;118
676;73;Impatient Tiger Social Club;96.874;0.39;934;73;0.198;636;03/06/23;220
677;74;ENS: Ethereum Name Service;961.592;0.24;3024051;102310;0.0001;697164;03/06/23;87
678;75;Element Pass Standard;95.047;2.36;20000;1135;0.0584;2873;03/06/23;244
679;76;Checks - VV Edition;93.095;0.29;16031;299;0.81;2147;03/06/23;22
680;77;a KID called BEAST;92.651;0.48;9631;576;0.47;3745;03/06/23;43
681;78;Sappy Seals;876.713;0.9;10000;454;0.42;2240;03/06/23;38
682;79;The Ordinal War;85.398;3.27;4000;387;0.07;1565;03/06/23;37
683;80;Spirit Dao Comic Issue #1;8.442;0.31;997;116;0.32;568;03/06/23;185
684;81;Bitcoin Miladys;838.447;0.66;10000;752;0.04;1599;03/06/23;28
685;82;rektguy;83.564;1.4;8814;550;0.6344;3533;03/06/23;63
686;83;The Harvest by Per Kristian Stoveland;8.23;0;400;38;3.23;253;03/06/23;245
687;84;Wrapped Otherdeed Koda;8.2;0;103;0;8.2;1;03/06/23;246
688;85;Neo Tokyo Part 2 Vault Cards;7.66;0;2500;16;0.66;367;03/06/23;232
689;86;Steady Stack Legends Official Collection;7.187;0.82;8726;445;0.2688;2948;03/06/23;69
690;87;TOPIA Worlds;71.831;0.69;10000;160;11.021;4107;03/06/23;61
691;88;Super G.rilla Official;707.787;1.28;5001;53;0.149;1289;03/06/23;247
692;89;Pudgy Rods;70.254;1.73;7399;293;0.2603;2973;03/06/23;193
693;90;Acrocalypse;677.403;1.4;10419;569;0.05798;2081;03/06/23;231
694;91;Kubz;674.793;0.17;8267;114;0.92;1979;03/06/23;77
695;92;The Llamas;6.73;0.78;983;96;1.73;464;03/06/23;75
696;93;Matr1x 2061;66.179;1.54;2061;142;10.999;768;03/06/23;146
697;94;God Hates NFTees;63.766;1.02;5022;294;0.18;1842;03/06/23;12
698;95;KILLABITS;6.156;2.99;3333;99;0.4499;558;03/06/23;206
699;96;CrypToadz by GREMPLIN;60.361;0.97;7025;413;0.7361;3986;03/06/23;113
700;97;Apocalyptic Apes;60.266;2.16;8888;346;0.07;3184;03/06/23;169
701;98;Creepz by OVERLORD;6.01;2.23;8522;151;1.25;2011;03/06/23;200
702;99;Life In West America by Roope Rainisto;5.925;1.88;500;20;2.925;305;03/06/23;248
703;100;OCM Karma;5.917;0.96;12314;217;0.0201;2781;03/06/23;85
704;1;Bored Ape Yacht Club;3647.93;0.75;10000;264;457.463;5653;04/06/23;1
705;2;Azuki;2113.01;0.54;10000;580;16.77;4587;04/06/23;6
706;3;Mutant Ape Yacht Club;1170.64;1.3;19476;568;97.729;11270;04/06/23;2
707;4;DeGods;727.949;0.97;8711;186;9.09;1857;04/06/23;3
708;5;BEANZ Official;546.003;0.49;19950;1348;1.52;7438;04/06/23;7
709;6;FF6000;510.773;3.85;9000;819;0.0089;3326;04/06/23;214
710;7;XTREME PIXELS;353.598;0.45;24999;5962;0.01;6586;04/06/23;213
711;8;Otherside Koda;255.31;1.53;5441;365;7.5;3270;04/06/23;26
712;9;Opepen Edition;249.281;0.53;16000;700;0.89;4076;04/06/23;5
713;10;Sproto Gremlins;238.384;1.33;3333;485;0.171;815;04/06/23;221
714;11;Doodles;227.752;0.85;10000;549;2.24;5503;04/06/23;14
715;12;Pudgy Penguins;206.85;1.11;8888;492;4.6;4610;04/06/23;10
716;13;The Captainz;202.852;0.73;9999;118;9.22;4512;04/06/23;8
717;14;Bored Ape Kennel Club;187.428;1.59;9602;250;0.1;5391;04/06/23;17
718;15;Moonbirds;135.047;1.75;10000;369;2.08;6434;04/06/23;9
719;16;Loyal FF6000;117.429;4.94;1000;119;0.0801;584;04/06/23;215
720;17;Otherdeed for Otherside;116.529;0.81;100000;1554;0.99;18410;04/06/23;18
721;18;Wrapped Cryptopunks;102.09;1.86;2449;43;50.4;125;04/06/23;102
722;19;Nakamigos;960.432;1.03;20000;2645;0.345;6035;04/06/23;11
723;20;HV-MTL;94.363;1.58;27298;2340;0.1;10012;04/06/23;20
724;21;Milady Maker;871.872;0.47;10000;1034;3.2;3470;04/06/23;4
725;22;PROOF Collective;80.025;4.55;1000;13;5.908;915;04/06/23;29
726;23;mfers;79.503;4.9;10021;384;0;5609;04/06/23;52
727;24;MILK!;764.557;0;888;206;0.005;380;04/06/23;249
728;25;KILLABEARS;643.235;2.72;3333;215;1.2;1096;04/06/23;133
729;26;JUNGAZ;52.009;1.94;4444;807;0.0099;1369;04/06/23;235
730;27;SchizoPops;482.263;2679.24;2641;901;0.008;752;04/06/23;250
731;28;On the Edge of Oblivion by Nullish;476.831;1.48;555;23;0.99;161;04/06/23;233
732;29;Invisible Friends;475.489;5.41;5000;189;0;3812;04/06/23;35
733;30;Redacted Remilio Babies;441.039;0.51;10000;1466;0.9433;2420;04/06/23;16
734;31;Meebits;428.498;0.34;20000;656;1.8;6567;04/06/23;32
735;32;The Potatoz;40.685;1.01;9999;110;2.97;2929;04/06/23;21
736;33;Checks - VV Originals;402.808;1.38;10058;402;0.6;1783;04/06/23;19
737;34;CLONE X - X TAKASHI MURAKAMI;394.767;1.27;19488;1039;2.6;9531;04/06/23;13
738;35;Otherdeed Expanded;372.251;0.67;41795;2240;0.6152;13055;04/06/23;40
739;36;The Grapes;370.585;0.46;3333;315;0.2201;1136;04/06/23;186
740;37;Distortion Genesis by Nullish;344.942;2.15;1111;50;0.3499;618;04/06/23;251
741;38;Chromie Squiggle by Snowfro;33.85;3.46;9774;193;10.35;2846;04/06/23;24
742;39;Nullish Ordinal Claim Pass (DST);31.916;1.25;1111;22;0.95;300;04/06/23;225
743;40;PartyIcons OGX Official;283.614;1.78;5000;91;0.0999;1977;04/06/23;229
744;41;ELITE MAKER;280.021;0;777;117;0.04;242;04/06/23;252
745;42;SIGHTSEERS - PERIMETER TOWN;27.752;0;250;71;0.13;152;04/06/23;236
746;43;Otherside Vessels;235.711;0.57;41795;1318;0.26;12598;04/06/23;39
747;44;Checks - VV Elements;228.974;0;152;24;41.001;97;04/06/23;70
748;45;OnChainMonkey;221.234;0.83;9500;260;1.65;2980;04/06/23;23
749;46;Lil Pudgys;218.463;0.68;21107;1282;0.37;7443;04/06/23;33
750;47;Async Art;21;528.96;5256;167;21;1342;04/06/23;195
751;48;RTFKT - CloneX Mintvial;193.011;0;7558;11;46.505;282;04/06/23;253
752;49;KILLABITS;189.884;4.36;3333;104;0.4325;547;04/06/23;206
753;50;Checks - VV Edition;187.782;1.47;16031;294;0.8111;2138;04/06/23;22
754;51;VeeFriends;182.391;4.74;10255;273;0;5124;04/06/23;60
755;52;Kanpai Pandas;181.717;0.78;7724;241;0.9217;2050;04/06/23;27
756;53;The Harvest by Per Kristian Stoveland;15.85;0;400;37;3.23;252;04/06/23;245
757;54;ENS: Ethereum Name Service;156.004;0.69;3024833;103967;0.00045;697314;04/06/23;87
758;55;rektguy;152.211;1.48;8814;560;0.62;3538;04/06/23;63
759;56;RENGA;151.684;0.52;8794;784;0.55;3143;04/06/23;41
760;57;Rekt Rats;150.338;0;2222;677;0.0024;855;04/06/23;254
761;58;Sapienz;135.693;4.51;5908;203;0.05;1657;04/06/23;255
762;59;Isekai Meta;135.016;88.19;7777;321;0.0348;2535;04/06/23;243
763;60;VeeFriends Series 2;134.762;3.33;55555;1192;0.1;21497;04/06/23;159
764;61;The Memes by 6529;128.643;0.42;106;106;0.07;8168;04/06/23;34
765;62;QQL;12.69;0;250;19;12.69;133;04/06/23;241
766;63;10KTF Stockroom;117.652;0.41;23;23;0.0821;6807;04/06/23;62
767;64;CryptoPunks V1 (wrapped);11.74;0.57;4007;169;5.25;998;04/06/23;131
768;65;Impatient Tiger Social Club;115.746;1.21;1017;78;0.25;653;04/06/23;220
769;66;META KONGZ OFFICIAL;114.859;0.54;9713;115;0.74;2562;04/06/23;25
770;67;YAYO NFT;113.144;0.4;3272;310;0.2751;649;04/06/23;44
771;68;Pixelady Maker;110.482;0.98;10000;1304;0.11517;1764;04/06/23;107
772;69;Ultiverse - Electric Sheep;106.289;5.59;10000;85;0.58;2527;04/06/23;222
773;70;Strxngers;105.639;0.91;6666;181;0.0039;2186;04/06/23;48
774;71;Bored Ape Chemistry Club;101.987;0;3;2;101.987;267;04/06/23;256
775;72;Cool Cats NFT;101.215;0.7;9965;374;0.7754;5649;04/06/23;139
776;73;Steady Stack Legends Official Collection;994.089;1.41;8726;448;0.27;2946;04/06/23;69
777;74;Celestial by Nullish;945.055;4.08;1065;73;0.094;699;04/06/23;257
778;75;OCM Karma;942.744;2.57;12314;214;0.24;2782;04/06/23;85
779;76;0N1 Force;90.186;0.19;7777;517;1.23;3582;04/06/23;31
780;77;Wilder World;897.489;8.28;7387;143;0.27;2214;04/06/23;151
781;78;a KID called BEAST;86.231;0.94;9631;571;0.4705;3750;04/06/23;43
782;79;My Pet Hooligan;83.856;1.08;8888;247;0.63;3897;04/06/23;57
783;80;Mutant Hounds;837.698;2.35;8200;254;0.1718;2294;04/06/23;132
784;81;Sappy Seals;83.332;0.86;10000;435;0.4322;2245;04/06/23;38
785;82;Gemesis;83.235;1.16;94757;2925;0.0199;47075;04/06/23;258
786;83;Terraforms by Mathcastles;82.544;0.81;9910;373;1.26;1926;04/06/23;116
787;84;Wrapped Otherdeed Koda;8.2;0;103;0;8.2;1;04/06/23;246
788;85;Kubz;7.94;0.81;8276;116;0.85;1979;04/06/23;77
789;86;Spirit Dao Comic Issue #1;7.832;0.44;997;111;0.3;565;04/06/23;185
790;87;The Sandbox;77.279;2.1;114839;297;0.472;15981;04/06/23;194
791;88;The Ordinal War;77.162;1.97;4000;379;0.07;1577;04/06/23;37
792;89;The Plague NFT;760.166;0.5;11000;191;0.3507;3571;04/06/23;122
793;90;Pudgy Rods;75.222;1.78;7399;298;0.28;2975;04/06/23;193
794;91;RTFKT x RIMOWA Meta-Artisan Collection ?;747.235;1.12;5;5;0.075;1768;04/06/23;118
795;92;World of Women;70.881;1.63;10000;317;0.72;5585;04/06/23;144
796;93;ASM Brains;707.821;0.54;9199;151;0.15;2951;04/06/23;100
797;94;Neo Tokyo Part 2 Vault Cards;7;0.91;2500;18;7;348;04/06/23;232
798;95;NFTinit Founders;6.93;0;120;17;3.46;119;04/06/23;234
799;96;Saved Souls;685.332;0.74;9999;664;0.07;2369;04/06/23;59
800;97;Human Unreadable by Operator;6.84;0.57;400;71;1.04;200;04/06/23;219
801;98;Genuine Undead;68.008;1.06;9999;726;0.1178;2964;04/06/23;95
802;99;Moonbirds Oddities;678.367;1.66;10000;713;0.19;5489;04/06/23;127
803;100;God Hates NFTees;66.789;1.06;5022;317;0.16;1836;04/06/23;12